{"cameraMode":{"drawMode":0,"name":"Shaded","section":"Shading Mode"},"sceneLighting":true,"audioPlay":false,"sceneViewState":{"m_AlwaysRefresh":false,"showFog":true,"showSkybox":true,"showFlares":true,"showImageEffects":true,"showParticleSystems":true,"showVisualEffectGraphs":true,"m_FxEnabled":true},"in2DMode":false,"pivot":{"x":0.3243751525878906,"y":-0.7559642791748047,"z":-0.06064271926879883},"rotation":{"x":-0.15859298408031465,"y":-0.023104412481188775,"z":0.003712200792506337,"w":-0.9870671629905701},"size":3.4848594665527345,"orthographic":false}